4360207619;NOT-FOUND;
4840113718;NOT-FOUND;
4480103177;AIR LIQUIDE PTY LTD;
4520101728;NOT-FOUND;
4150112722;NOT-FOUND;
4490105337;NOT-FOUND;
4830102986;NOT-FOUND;
4500101649;BSI STEEL LIMITED;
4720103045;NOT-FOUND;
4740147576;NOT-FOUND;
4110101708;NOT-FOUND;
4120107182;CONSOL (PTY) LTD;
4800103626;CAPE GATE PTY LTD;
4630104786;NOT-FOUND;
4240121964;DURBAN AND COASTAL MENTAL HEALTH NPO NO. 002 - 158;
4340102542;ELECTRICAL MANUFACTURING MARKETING;
4470126824;FIRE CHECK (PTY) LTD;
4820108233;NOT-FOUND;
4480113895;NOT-FOUND;
4260111801;NOT-FOUND;
4280145691;NOT-FOUND;
4230143697;GENERAL PACKAGING & INDUSTRIAL SUPPLIES CC;
4910102526;NOT-FOUND;
4670131236;GRAFT GEAR SPECIALISTS 1991;
4740103520;NOT-FOUND;
4090114788;NOT-FOUND;
4780102614;NOT-FOUND;
4540102490;NOT-FOUND;
4320105838;MSM TOOLS;
4070105236;NOT-FOUND;
4840101457;NOT-FOUND;
740105202;NOT-FOUND;
4930138344;NOT-FOUND;
4730119072;LEAF TECHNOLOGIES;
4530186461;PROPSHAFT AND GEARBOX ACE;
4160102556;NOT-FOUND;
4650120043;NOT-FOUND;
4030132379;NOT-FOUND;
4800292056;SBR FORKLIFT SPARES AND SERVICES;
4110102607;NOT-FOUND;
4920101252;SEACLAD MARITIME PTY LTD;
4120105202;NOT-FOUND;
4900254956;HENDOK DISTRIBUTION PTY LTD;
4220104253;TM & P TIMBER;
4930102530;TOOLBOX CC;
4140105356;H R BARON ENGINEERING;
4550132783;TUFTEX DISTRIBUTORS (PTY) LTD;
4060110006;BYTES TECHNOLOGY GROUP LIMITED;
4620108938;INSTROTECH;
4620160194;PLC SOLUTIONS CC;
477026271;NOT-FOUND;
4360168464;KWA ZULU NATAL ELECTRICAL;
4170123964;XL TURNERS TRAVEL;
4300251123;ENVIROSERV WASTE MANAGEMENT PTY LTD;
4110228097;UKHOZI STEEL PRODUCTS;
4530246547;DEGATO DESIGN (PTY) LTD;
4690222999;OLIVETTI CORPORATE;
4570104762;GOLDTON RADIATOR SERVICES CC;
4830229102;QUANTUM POLYMERS PTY LTD;
4740164308;DRIVETRONIX CC;
4260132321;LEXISNEXIS (PTY) LTD;
4400144616;WILBRINK & ASSOCIATES CC;
4520113319;JUTA & CO LTD;
4113284169;NOT-FOUND;
4440154575;WEST AFRICA GROUP;
4770245746;LEADERQUIP;
4790193892;GLOBAL TRANSFORMER SERVICES;
4310139201;STANMO CABLES & TECHNOLOGIES;
4580265595;SMI BULK;
4490127836;PLASTI-WELD CC;
4920266337;ASD AFRICA;
4820247866;EASTCOAST ROADSIDE EMERGENCY SERVIC ES;
4010216275;PMOK PROPERTIES (PTY)LTD;
4900258510;ESTRIMANZI (PTY) LTD;
404154488;NOT-FOUND;
4880111176;SCAW METALS;
4860155946;DESIGNA MAT;
4100271313;VESPA KZN PTY LTD;
4600265666;TEN FOUR HUNDRED SOLUTIONS;
4820209726;RIVERPORT TRADING 132 PTY LTD;
4320234448;WIREFORCE MINING;
4180242465;COMPOPAK;
